metadata keys;type;timeunit;time;Inhalt;;;;;;;;;;;;;;;;;;;;;;;;;;;;;;;;;;;;;;;;;;;;;;;;;;;;;;;;;;;;;;;;;;;;;;;;;;;;;;;;;;;;;;;;;;;;
metadata values;movement;year;2018;Zufallszahlen zwischen Raumordnungsregionen;;;;;;;;;;;;;;;;;;;;;;;;;;;;;;;;;;;;;;;;;;;;;;;;;;;;;;;;;;;;;;;;;;;;;;;;;;;;;;;;;;;;;;;;;;;;
;101;102;103;104;105;201;301;302;303;304;305;306;307;308;309;310;311;312;313;401;501;502;503;504;505;506;507;508;509;510;511;512;513;601;602;603;604;605;701;702;703;704;705;801;802;803;804;805;806;807;808;809;810;811;812;901;902;903;904;905;906;907;908;909;910;911;912;913;914;915;916;917;918;1001;1101;1201;1202;1203;1204;1205;1301;1302;1303;1304;1401;1402;1403;1404;1501;1502;1503;1504;1601;1602;1603;1604
101;27107;45044;28197;18738;11943;6659;22113;15398;26090;20509;47598;28915;43230;18142;38994;39566;4251;28005;29334;12864;2473;46826;25481;20326;46538;2368;38185;39575;41146;135;20997;42361;39719;48582;11644;1827;14186;1753;42915;34791;21754;4870;29055;38797;34902;20738;26967;30129;44632;12114;44482;47337;15094;3997;24228;11141;15596;11000;14689;49260;44049;8402;16744;26754;7119;25219;37530;19580;12617;7530;26994;19062;47341;4644;29669;29726;45340;34655;45367;19487;35770;28495;13241;5457;10414;12013;21399;33937;2687;21463;43839;29201;12895;23713;1046;18187
102;47224;13453;43310;1269;32163;7885;32225;42878;28855;14338;34808;28984;380;5225;29113;7365;9355;48358;8472;45582;42532;30404;16947;24179;36358;27920;16422;49502;43080;19772;36146;27282;41762;1088;11385;22811;30037;18441;45272;21201;40378;14570;33920;21102;30741;6545;27059;28788;13211;45748;2277;17089;21937;39276;11526;11508;12851;21257;7694;19178;5127;35446;9380;33125;4788;46572;1617;1877;35816;6914;18655;36975;22317;47511;14002;37945;1206;4052;25140;48541;12231;20886;7520;41781;40029;43885;13055;6226;37349;20278;23226;5710;18179;35313;2808;7036
103;48495;3979;46842;40491;23997;22171;44311;13767;15502;7793;38014;28438;3195;8990;7920;32684;7158;43604;2875;7009;4258;20341;44870;47512;12183;27571;20706;4364;27455;47104;21846;14836;7859;42757;11519;21836;4150;40744;41841;24126;44392;30242;1407;6166;47669;12992;8784;35909;26419;2764;46439;19755;33662;28084;48007;20954;268;6203;24569;19468;47731;2846;33232;42829;33802;26451;27566;34971;16142;17885;25374;4938;18145;32581;25955;36779;28070;18035;34079;38744;42651;5342;46958;7397;34447;9015;49670;4548;10207;42407;18922;13588;38225;6837;45230;29021
104;25532;21387;48403;9994;11056;45208;24149;40795;44590;43405;15800;38837;17193;9510;49902;43794;37659;41958;37864;6167;3424;33292;38490;8415;6850;48647;5655;34093;47983;17185;39964;14453;17173;37778;49603;30212;25407;16931;28589;9429;326;13128;3470;31460;24308;40503;26483;18972;28753;21410;46780;34063;46863;44686;26875;32241;1517;33410;6440;12652;22030;21935;7504;23025;40433;37129;35256;18843;22655;1867;17291;43030;3944;360;45534;264;19695;23124;39152;6083;22999;15210;2988;33096;13228;23408;37885;28624;48347;15986;43905;49848;16007;37259;27605;10846
105;1099;30762;10748;15227;30076;27273;22409;10087;28795;30494;26049;21947;9263;19733;20547;49274;45797;49972;7599;25926;6187;6355;1020;18033;49653;30096;22787;3320;21698;5767;9773;30028;47302;29451;12250;34495;10234;14791;38734;19483;30298;29076;21179;16012;11973;36584;5618;11196;32683;47630;24769;31269;1191;22987;32209;6504;49499;15568;27836;15874;31957;33308;31717;49671;32628;10754;45114;37280;21384;7855;8355;14057;47917;28453;43648;14242;45586;33435;3847;23228;31018;10179;25503;19252;48216;22514;30153;39611;28556;22677;37518;43979;41963;41976;23437;28164
201;18944;17083;42983;1176;1218;26585;47232;33440;47362;3676;15635;15108;6493;23968;30915;49835;46946;41262;35335;22469;48307;31056;40791;15735;6158;39266;9294;41500;2815;36268;36070;34273;9290;32939;5611;5986;41621;35799;30338;11329;45484;3743;1744;35381;32345;37989;9480;21041;43485;18940;19035;34347;24856;35840;29328;15360;1831;4004;9657;43921;7874;24543;3327;18148;14852;43328;18758;48984;42750;38348;10939;9929;5469;33045;7635;3168;12792;19194;30511;6681;32426;35899;20890;8867;19055;11220;6854;25563;45054;25087;1076;22280;34459;38644;7586;20640
301;35;28451;16197;31854;8350;6478;40597;32979;10452;3537;16770;16321;34494;14730;33172;981;47552;4733;36765;15889;5557;36983;44390;38794;26037;14056;24974;11318;47674;787;26202;21344;32146;197;21704;35745;12100;27292;20343;47367;2600;3346;1121;35003;11040;47517;41996;3317;48021;16096;21287;38470;19872;14841;40827;10561;40598;33170;25841;523;25600;506;44886;34154;44799;37308;42225;42719;7824;43304;6749;9121;35428;42649;29844;24726;47666;33201;39465;7790;8063;19008;21523;31591;47753;9287;31700;35950;10318;46520;44388;35364;25930;2624;17771;45319
302;32416;48882;21752;45863;39351;43520;48494;4181;29647;45183;21717;4019;45275;22659;30435;8458;32423;10897;26640;27470;633;2058;23806;42121;32018;46660;13750;27630;14014;3433;11485;40954;38203;14351;33742;37730;43445;1360;14901;30479;8711;6649;5328;24965;6554;12228;14337;46131;3402;32701;6770;20973;6114;20164;49157;13331;15922;20145;9310;10952;32057;15318;23416;20659;37118;31272;2436;45270;11919;19361;25489;36240;37756;47913;38348;39703;23753;12434;27575;36665;20817;47670;43744;25746;2725;23454;23700;23106;11950;18927;2716;12890;43487;36671;12497;20292
303;37025;37544;30905;21783;36948;5888;43504;34080;38475;8165;31999;38088;13947;19503;32201;20384;27808;10392;34304;44105;40618;15709;38812;27308;5700;13488;34194;2173;19661;16616;46482;18662;6487;22569;35086;49701;45734;7750;47378;4640;11721;9309;22021;21820;41230;6989;47976;47985;8293;33325;24140;4673;39161;22667;33968;22992;20905;15353;19650;15444;30645;41240;37498;33254;28499;46281;19734;32654;36567;22570;36867;11057;12285;27195;8007;11245;34247;43826;26772;39915;10326;47002;21195;17567;7621;18326;25248;18325;25310;16429;3390;42482;23141;36758;1235;10746
304;27974;37853;16509;30263;18396;25387;26276;39936;4007;31898;22454;26213;3621;16096;49950;27830;25564;21421;31765;7248;3815;32062;23355;39596;18285;22838;11382;3672;5427;32310;34606;11159;36483;6074;23447;34818;21238;10611;12143;14848;49587;38147;2881;22782;31559;14818;9061;25679;41966;16241;8393;12362;10295;39840;48948;10494;16718;16766;39038;21416;43841;23306;40363;24569;24419;22730;7228;42426;12984;3575;19542;5340;47339;46842;15429;36443;269;9644;24371;32116;45673;25138;34251;21991;7889;48611;239;14835;6834;18300;29501;15597;19552;38423;29558;46349
305;7054;17630;4242;39015;22248;5043;4365;44133;49058;36423;31804;39632;8685;45478;44185;15565;40013;26890;21870;3787;22296;5697;25154;21310;92;30327;2611;2844;39650;4946;26343;18468;44180;34937;28345;15987;17086;33395;3701;49325;7600;16626;30620;20930;19582;31377;40772;5257;13807;41581;20392;46913;4580;45490;35483;4345;42619;40663;1819;46918;16931;17059;43971;20834;21060;18012;37283;2062;42520;31285;40652;30392;27516;42039;167;2813;11129;36240;40068;39465;46654;8470;27738;30075;7348;9336;49966;9470;21093;8302;39807;29073;33309;46883;29726;44920
306;31589;9411;5404;5791;8265;38316;12474;49673;44198;22644;10190;44223;47099;43087;2246;21273;1375;47254;43814;10720;29409;36162;12132;32626;25265;2457;26828;17726;23682;10742;33631;23727;28137;43437;2356;40338;15736;29336;6420;47645;25166;11162;36854;19227;9595;40052;714;108;11518;46715;19505;2946;35994;29492;16075;36595;38857;7125;10839;26987;20507;49961;33242;33773;49900;31650;42915;10835;33317;15447;14984;2047;25049;10878;40193;6367;29958;18545;16439;23605;30533;43402;4133;18055;17097;35867;11522;18198;22490;9220;11414;18103;39042;49856;32701;26384
307;37616;44629;20393;38609;22183;10333;27654;25192;27482;24335;27913;1256;40682;27626;48082;8885;35692;23461;29580;18162;39555;48085;16957;45460;1876;21293;8159;11535;32175;10630;44481;33977;6834;8723;12399;6934;10279;17336;1145;37085;28033;9333;47905;8720;10954;46545;31342;34494;46063;11530;40425;22910;9076;35384;30959;5913;18761;2675;35903;418;2812;24118;6604;49414;31470;13136;6606;28301;25638;26213;26674;47517;15236;42200;24345;13283;36144;23970;12038;42881;48827;27468;20572;24939;2411;29784;16320;25038;8001;37128;49743;22761;40734;40472;47259;5617
308;12605;5424;45020;39995;45581;29545;25133;20701;21768;28099;28095;21250;8375;9029;44320;39946;47570;37130;22335;15875;23626;18015;14813;30452;3638;47783;41264;29766;31764;18410;503;11218;26939;41611;24452;38023;18516;847;12904;35132;7586;37254;34605;19701;13727;35855;38546;31774;13237;2443;30910;43849;43745;28852;32366;6840;19262;44185;38311;1395;48574;5691;16927;49643;38688;3076;48695;14568;38185;9711;40755;10719;33686;43527;32427;4738;7497;38942;29995;11200;3098;27935;8939;29964;11882;48131;28921;30997;2923;38425;22174;28758;48746;32934;35198;42276
309;794;16930;1984;21739;46811;27932;14337;9422;41844;6239;7936;11766;39362;35615;39805;2078;11366;14230;42960;38664;23503;26094;34671;35263;19937;21036;43322;15301;30156;17907;12545;23365;40845;11118;39421;34760;5931;46205;47090;45059;7616;32063;10316;37862;19736;44156;31489;49379;28562;2790;21574;20331;35802;22445;43744;10989;26898;9553;11493;33238;21718;27761;19551;23872;2036;3488;12716;45641;32592;11509;49084;4341;36704;35624;22755;8753;46429;43413;82;23942;4546;7980;12388;36172;10796;27216;35104;48083;13318;13172;38293;2898;15129;36786;19875;5196
310;25298;8978;4417;42349;33763;35358;25904;45356;24489;19230;34010;948;41814;98;43022;5134;22440;45927;8250;23096;37831;40537;27983;13140;31281;37141;36915;3092;12912;31638;10883;40162;5281;25336;32993;6530;1847;42809;3452;46939;29229;26399;21161;805;41647;9332;4601;20096;44101;41650;39788;16278;13548;1079;10506;11457;28408;49376;34477;1051;29692;1955;37025;23949;43076;48364;45295;40097;11846;9486;32451;49564;20174;37574;31082;43174;28625;14294;1923;9108;26457;19913;36893;30422;1058;35304;705;26433;31132;6544;47211;39042;42055;19558;15247;5320
311;18409;49890;35477;41959;39088;10868;45906;44435;2828;11662;3901;30796;25813;49889;3991;25874;49143;42785;3735;39329;49457;9393;30431;26378;9742;12490;17542;43049;2939;7052;5654;23826;26722;18535;39005;3818;16478;11369;1834;37623;3912;27778;11635;36679;2205;49278;3833;35710;40388;13225;30173;5691;25743;1873;37720;48832;364;11202;19989;15854;32982;29242;4322;37191;37388;5202;36126;21783;1553;49209;45902;32524;43745;2507;26981;23725;43024;9019;8080;1320;35372;29909;19389;5724;2298;17689;5592;8951;35222;44218;25261;44256;31116;3329;17430;10556
312;13434;26656;28631;43621;45755;13710;3277;32919;29553;21745;31722;29997;11977;14929;26554;47831;11721;10941;32636;6146;1858;20812;7372;16452;27047;22980;6506;34325;40386;10455;6982;37847;7429;36902;10179;33724;40366;2903;34976;13452;30935;41990;43565;31171;19590;22834;38402;12972;43591;5160;13229;41815;30496;35751;15926;713;29325;37717;11128;11695;10183;46845;23783;23113;34419;47938;32345;13609;11812;12644;42750;25263;21669;2948;49705;23970;29417;1978;10263;15581;28051;17173;47294;1179;33356;10169;5385;31637;37994;36831;29331;10500;25034;17128;3977;29664
313;9485;27509;1878;16339;447;32317;45253;6341;6849;36976;26900;15253;48537;41973;2452;18955;41951;49436;15203;33624;1857;11534;30271;14527;5450;8973;44434;21301;21849;38969;8475;926;45328;6622;15991;36265;37601;10781;39859;18053;49739;8707;1032;26430;26731;19431;16943;46012;10105;46985;22363;28836;44974;18409;17934;32982;27723;24242;40536;27036;35609;20456;32232;38256;21041;46521;35588;20637;6382;25832;34215;26286;2379;25531;3194;6418;28825;30755;7883;19244;30166;35978;1182;32712;29236;13677;48023;36882;16855;3016;27747;20467;14564;11853;28768;18366
401;24481;37848;29357;10310;7965;8715;48896;8018;12085;31104;31171;3244;45505;28949;5339;17728;30430;28778;27202;27175;36907;45045;36404;29466;29176;13865;36757;9663;38837;38890;10252;19454;16315;9700;25759;36290;24463;31996;5131;3967;11392;25851;24205;42559;20986;29732;44759;34684;4299;10591;1277;278;23746;15825;43168;46873;35177;2486;44999;12395;10994;10344;1586;49429;15677;30054;13034;24130;46457;23914;47711;45234;32157;40605;34318;21435;26393;16979;45623;33992;3289;39897;15997;25852;46746;22562;21567;40517;33036;28070;3912;18085;36043;9073;29546;26962
501;28795;30643;18289;42547;9936;5842;27644;25827;43364;24661;10037;19230;4307;10313;48879;31859;44911;46910;4106;38893;3053;12634;48830;35130;3261;8570;10843;2648;1954;28;12124;47388;45955;15463;12621;29428;11475;41359;46741;21025;10105;14312;20031;9636;1082;37514;14601;35253;24534;24921;23080;30965;45782;28660;32068;39429;31020;2577;4082;33579;17064;32712;19653;7133;6909;48561;7163;10400;15009;7005;47091;35416;38171;35716;42702;30295;23523;33542;47389;34756;16975;34577;34178;28919;22098;30973;45525;7305;5846;44354;24385;25808;11673;44607;21165;38166
502;27157;48462;10209;32365;19214;4732;41909;12271;46007;2505;28870;31270;33208;47366;21399;23812;24861;6303;46733;39428;22169;33448;20147;23779;10057;26225;41499;8844;23499;38667;34650;25961;16052;30136;40647;29080;31777;25182;19478;36366;14319;804;17948;20374;2300;18029;40926;48659;39770;34560;12426;27984;46984;8116;49294;39870;14895;35398;24735;47013;39865;901;43691;36931;6895;29341;40437;35950;19305;29112;21375;31895;6896;15856;4153;5104;3278;40782;13689;1503;24867;13566;9192;46916;31710;32132;27333;36589;45866;13921;43181;8160;38420;10595;24450;1273
503;16035;9998;16510;11786;24495;16884;32917;43941;31305;27880;49088;49550;15068;41400;43787;1746;41922;28649;23549;852;8189;19837;14995;25972;34911;47917;26191;25782;38355;40709;43130;44250;34457;18849;49392;30545;23360;28303;3896;26197;23114;34141;22224;40057;22953;37947;38520;25440;30815;26406;12983;39749;32532;37902;17137;41710;12110;15164;5674;37131;9834;33312;23073;44312;37156;21418;16352;22103;38023;2694;8541;12968;36477;46181;24057;17354;20655;21863;31485;8769;22741;15513;5362;25114;11780;37447;20812;22935;18566;46798;29191;34909;38131;26762;36259;428
504;12144;29123;28206;31683;43416;32372;33352;44184;41621;16643;24695;42577;31531;30536;29655;19421;2652;42111;38308;7056;9264;3202;1631;29431;20630;22961;48822;9350;47267;45143;32992;23546;24093;35860;47644;41149;38404;7349;2960;48567;15682;5850;37320;16486;11980;25761;43095;29976;17905;15498;49846;6442;25017;14917;41703;27106;49460;15927;41011;23806;38477;33994;28487;1313;18078;3555;38501;17271;34699;43912;1955;38487;36793;48299;14998;8125;15317;22356;15187;28527;20366;23847;3390;42471;35871;3312;26781;28362;15026;35593;28362;47695;40241;13438;46348;25186
505;23947;14664;35107;14389;26137;2396;1166;36341;3093;46440;9876;2511;42156;29623;37635;36468;35071;27339;4522;24472;10616;6726;11882;31777;42963;38652;46902;39528;11799;48006;9384;30073;45398;29224;48017;5560;520;10677;40286;17824;9817;5956;27358;49883;38754;41635;3563;38752;11559;16983;18203;31283;38221;15149;34714;19901;8222;4758;30084;48659;6934;21992;23378;45459;25742;47886;10656;3112;5778;1181;22377;6135;12967;29261;2819;11804;4952;49219;34915;28069;21072;41331;3847;20082;9074;14578;36918;11325;3908;31098;7869;39124;345;45078;21732;37141
506;15345;44400;37198;24565;46584;17638;32347;41723;47180;40465;33778;9124;35817;12222;17239;42441;8066;39215;38891;29733;20827;47488;4069;36987;39087;8519;33324;15868;8877;40897;27562;8485;32696;41674;15501;2468;36193;13330;104;23290;8292;24022;43640;1634;15830;39665;40177;14465;7966;21433;48145;31966;5544;14730;30864;7445;23108;48309;46450;15405;31498;19452;12814;3131;11807;8809;42446;47385;28505;20159;49525;28880;832;4581;122;45683;26615;18556;27038;24725;10800;16497;46046;44419;36009;43796;24922;40118;27813;34190;46269;37757;13819;33518;35187;22485
507;13686;34192;49082;42755;28056;8668;9877;30287;11590;40818;8339;28294;23576;47790;12056;3052;39863;1538;25183;14884;24026;6315;15305;43691;19762;49588;37089;44574;49916;3578;38763;28729;17177;43935;38718;27673;26724;9634;24191;6349;17473;19026;9594;26598;1765;24904;32498;10862;46158;20507;17178;47147;32882;27218;23088;43262;19429;28004;11503;13712;6706;18687;47114;35696;14983;39097;3379;9920;23365;27212;853;12584;29732;17440;36112;25563;6581;9412;10694;46372;23366;4384;10184;13746;15973;23553;42722;42492;3483;8728;20393;27132;30112;15254;6637;47266
508;3608;33209;48096;18497;46629;46938;46847;20056;4882;9829;48369;11792;7239;19286;47995;41071;8431;49539;4783;38203;22594;22739;21704;14702;13540;19833;11519;30842;15614;26833;7607;7343;12981;9300;20452;20256;20648;9454;10644;16001;7791;15728;46519;38526;27412;18705;13296;32878;45333;44124;24353;3125;46866;15930;8801;4532;17386;32505;23917;36636;36070;40809;5026;17188;2940;44488;9285;10047;40760;41007;12572;15509;43121;48522;28835;10704;49599;21209;5684;17935;34413;9392;7115;14099;31414;3777;35665;36649;21887;13038;41789;1129;6475;41383;26188;39257
509;25492;24628;15352;33925;46608;17873;39040;19184;30362;24365;23423;18562;21273;2103;20834;15448;18314;34870;25265;22399;22170;38164;46841;47443;34240;4040;32583;6608;19407;44359;25418;9036;37547;41600;49625;13416;3619;3971;45396;45763;12701;4547;22379;6058;36251;12581;44798;23965;40646;48133;7864;22059;2018;35468;13584;31396;15759;43501;43560;11688;12353;46174;2819;45767;3677;48938;47511;48894;49578;28906;4564;12549;15489;4917;43127;8927;46255;28470;28723;9415;6156;43863;21217;38807;23441;34872;45062;1600;48668;38026;17980;34157;33782;19477;9772;2481
510;11824;16743;30253;23370;31301;1231;6068;29072;10817;49466;30564;15323;46352;4084;38863;19467;37804;27600;41353;9559;35131;11526;27580;16112;13177;42342;27265;8449;931;6715;8929;12581;18774;29837;27219;40923;38993;43703;6542;48339;22848;21629;36882;18481;3406;44703;39107;43553;48969;43183;7589;29722;18536;36577;14857;30338;43460;45509;21322;46998;48272;11000;38241;9323;11564;38875;4513;22789;16575;9814;19444;27857;13041;41249;7388;16306;37738;39526;41599;28663;14885;8384;4231;24128;28938;24307;2447;4228;1783;37026;44514;26360;10087;23858;23622;23033
511;22171;47996;30263;21447;44511;9214;23442;18441;28968;43482;49809;14312;36554;12137;31261;22018;30716;1282;32831;38839;5535;40944;43467;43069;21214;24932;25028;26905;32689;32971;1514;23618;6965;23824;7043;41620;25418;345;15432;46108;1378;1641;20429;17759;242;48597;10108;6547;8109;35627;32368;45003;48607;41079;878;18208;32546;3841;36067;2563;16112;43672;19077;6584;35309;40494;23243;32620;16295;36775;31890;7422;20362;5331;8206;7262;45057;8095;21445;37248;39854;14324;39443;42148;16660;8469;26189;7081;33350;34020;1320;9250;28949;49852;21608;4108
512;40259;45237;33282;733;28480;39068;41251;45310;29128;29513;43245;11891;19552;6802;38410;48111;12659;46412;35255;2778;7221;10832;24607;1451;44231;21014;148;17651;18953;33752;47934;36314;41485;17637;44479;20164;42098;17550;22447;21082;6451;42464;32455;18997;30999;22829;16848;30626;27149;21437;39463;38728;1283;3332;10485;35;30895;42190;25982;21725;40281;19515;46084;48043;1262;48062;6936;17353;47210;18013;33434;26264;41204;14371;26304;19659;39861;49933;49499;39281;16588;21993;18939;21027;19977;15841;19489;33087;38296;39086;29971;30149;25806;13693;37543;32264
513;907;26484;1204;20639;35461;32300;8405;13534;23567;47920;14944;21098;32004;32069;20111;37539;5129;46633;49984;8493;48943;28287;18317;20780;41104;9309;29964;10454;18328;22015;40520;28451;40730;27452;32487;2422;7654;42602;38166;33807;48527;41010;43062;8448;15361;2830;30100;42032;44012;47392;22438;42833;42734;23328;33086;5403;21896;28762;21877;28474;40153;14107;5005;13214;36728;37468;48986;18924;44986;46951;545;42720;19484;21661;7316;39863;19519;4070;25244;35325;31514;1627;36202;30733;16640;48729;34009;30711;1454;34840;20386;45234;44374;44023;18010;9173
601;30182;47964;1743;19552;48813;20448;35785;44669;1455;24943;48883;44296;27192;31835;23486;41185;38156;12082;40080;48575;1466;22905;16796;30727;1951;45756;588;49587;38049;41962;49634;34828;15800;31097;44890;43908;32033;25100;1351;43036;49742;39900;40677;14203;23841;28474;9525;25136;38739;21140;26017;29752;45098;38168;20247;15266;21748;34704;4328;3824;25414;6744;42293;49050;49433;11894;49751;42570;41501;10883;20493;12123;38898;14620;27692;37926;6964;42967;17319;44778;42899;22571;12426;9817;33972;40169;45732;14694;46734;5372;5450;2153;18759;7010;25096;23738
602;16685;22325;35474;18679;26453;46500;18629;39790;31316;25039;9606;11301;42382;41194;42874;12692;49538;13356;9288;4638;13021;663;17280;7034;21300;1190;19959;35162;41895;30008;3264;18438;12530;13947;23432;15222;39986;20382;30481;38473;36668;6133;24825;21656;16308;16973;9522;35545;39154;5091;35682;12843;8583;39571;48966;5804;48173;18768;8172;37880;34186;33453;10130;29736;44214;10154;47259;4308;26650;41237;41636;20516;47946;5985;47631;11991;47199;14619;9384;38993;48214;8033;4561;1497;24656;18430;25450;7429;19362;20573;33681;11504;21542;1831;3096;32042
603;23822;9761;37483;46548;41103;14798;18731;1142;39702;6310;16191;34605;5360;506;17440;49218;6977;31448;35855;15103;8553;31264;22330;4045;38424;9716;5745;25372;5696;14867;37716;27930;4183;5560;26963;47519;18728;24088;23659;28711;20383;43923;27009;25034;18175;6354;3581;21527;25135;2768;45804;20307;43528;14668;25670;25998;37144;16039;32839;27055;42468;23781;29958;33827;46945;24110;43954;38906;7670;47829;2260;42689;6474;18358;3385;41090;1664;24151;42230;44111;16273;6577;30316;3935;24724;28315;46551;30589;13640;17173;23924;1177;27134;8461;16241;28701
604;4041;24725;28679;46372;5112;21010;6532;17521;43352;11548;49884;22112;16627;48520;35762;32317;5120;28772;46626;6947;25785;2348;5111;46986;11330;13462;26191;8044;14044;7575;16198;42715;6753;21247;48356;3871;23245;2053;9205;33781;16155;19402;17684;39849;39343;28611;47406;44521;28116;7090;671;24047;30348;31554;39615;45296;26233;36627;29855;30455;18979;32600;26518;31155;42895;13591;1103;47243;49405;24412;1223;49502;22490;45196;21360;4138;39586;28138;1053;48950;30409;41800;47087;35241;2074;9980;47874;25009;21226;28517;48780;28245;49121;14357;38367;16496
605;31205;5345;124;8419;24814;18119;18840;40814;3202;27409;21494;28130;23257;7195;28211;36281;20642;5010;14878;12241;35777;48370;11633;10744;43900;43000;49106;32991;24292;38468;25955;19553;25417;38409;6343;6781;25241;39741;8076;30966;6395;41728;17315;46510;22509;38539;21347;23235;45138;28330;22476;37359;13384;37079;30510;37107;19034;11651;37204;16005;43572;24743;43804;8658;31668;25051;28905;40539;25334;41679;3927;41647;5486;5169;3260;47218;6751;15922;24344;38863;4109;802;41645;6806;11666;5127;18412;32838;2207;28058;17081;11352;7660;11900;4466;16200
701;48220;36637;33847;28296;17493;8045;36081;7462;23690;27538;22851;49878;40773;13372;1525;7765;40143;10044;31805;15959;17128;40251;19642;41888;39981;41854;35089;49809;14843;26200;48249;11401;30648;10651;29761;36097;6784;26068;26195;2910;6311;9318;44048;46756;5946;21610;35268;46448;38143;16035;30096;12699;9902;42829;17390;15463;23844;46659;25984;41456;34094;21766;25741;35991;28848;3252;46785;3841;45962;26636;2612;19852;13311;40370;18084;10462;48573;23894;45738;24715;23784;6657;20326;27276;4717;42381;726;11583;14728;16421;44839;46248;24840;44404;22716;15729
702;2131;33841;48363;25603;34712;8933;20636;29123;19205;17102;45707;28432;435;48405;37708;6333;1635;41387;24829;29282;16955;43206;48720;14200;10254;41469;38481;23891;2082;5393;25587;37255;23441;14324;41121;31464;8837;45442;17602;42873;49708;14324;10153;31243;36177;28037;5909;17756;15520;41575;2635;35465;47703;16166;18951;44744;21364;41413;29901;39611;6209;37026;45426;32628;38856;7064;38938;27048;10204;17497;21036;10430;43724;25099;38680;32071;29222;12249;31683;42031;49205;32494;26360;41475;49433;36895;31838;48327;14497;3458;47463;16346;2630;25156;14692;44979
703;13066;10;31031;34825;30069;16282;8051;7810;18011;17823;38869;39414;10152;32829;4725;45204;7891;28892;33341;6392;48771;1499;39052;44204;2803;5390;35634;3164;7027;4314;12389;32096;13077;8560;39149;1924;19999;39502;38720;12937;4000;26916;36641;27641;19176;28477;4958;44406;15235;13356;17984;46425;18320;31948;8311;24101;12370;8257;44419;38708;16789;38375;47455;22430;1415;5178;35538;40358;45606;39303;22561;33388;13988;46989;22712;24633;49159;30983;26404;46995;7380;16801;25072;24209;5747;16626;1641;43630;47095;49727;48800;5658;42893;27260;30133;32321
704;24397;40039;13815;36322;11624;16207;31183;36514;45007;11081;30437;17086;27871;39833;15375;11357;18671;31492;47182;35693;8262;34054;13187;24187;42250;22082;49913;11656;23268;33846;31438;9450;44073;14565;32239;38457;14843;5193;19777;45464;47219;9889;44114;31731;30450;46695;32544;12820;24286;34785;40139;5350;45716;5131;4030;44295;22674;14951;5149;49923;23199;6138;36812;31298;43841;47603;2857;43811;41047;49592;27453;2939;44097;28479;1240;22767;33117;7936;40211;39710;31914;12061;14696;8381;8556;27182;2338;11121;25845;40794;8362;17440;17002;11126;17354;35057
705;3352;35272;30904;37638;32360;25045;8260;2947;36583;24683;7300;43583;16251;44610;44703;31055;34970;36885;11617;6321;22956;12973;28632;25234;32705;23751;10860;49830;33410;4653;33335;35914;13508;4114;9486;6813;3736;38871;36765;23144;5450;47001;29551;24577;10701;33854;48056;12562;42511;43344;6827;36890;492;35801;24546;30154;45265;8986;44212;33326;8879;2520;27873;38492;24612;25379;17517;47765;37927;36307;35092;15660;32233;3344;6506;12150;17120;38619;19004;48209;1213;29383;19695;36466;34116;15232;2435;49811;13589;14130;22978;34333;45696;16106;4141;26044
801;4584;41386;34273;31299;32992;1526;17043;15655;640;6334;11239;29624;1185;47114;40696;22260;34602;29805;21153;41163;45049;14971;40122;45731;28049;49278;14041;47808;45547;30751;17408;3332;11654;12974;1136;45204;45917;38286;18269;37072;16324;37506;28726;37726;19333;17420;3973;31975;44579;29100;27271;25972;25850;16399;32792;21173;30220;14111;23725;39446;28473;24066;45865;10069;27466;7550;22050;26070;31715;27817;20101;32078;8565;3767;18503;14398;38024;30412;25354;9117;42252;42131;42857;12391;29678;5307;10170;33955;206;29469;29488;33806;23124;20116;30432;7489
802;19742;12152;9930;1183;46563;27830;10173;19346;15304;5788;14151;40518;23514;26952;36837;31061;28265;24631;468;8651;11108;28326;6690;37782;7374;15132;32507;5687;36765;44167;27514;49582;40267;16435;29259;37565;29817;36189;12868;16879;32907;8739;31315;22521;7487;17151;24198;33193;38936;3562;3783;23051;41802;40713;14917;12676;36360;32288;41337;33531;37026;45015;43336;21139;25713;16589;22089;43558;27821;5645;5039;29091;28438;8819;44775;49951;31511;12038;1769;14015;17663;26547;9293;2802;9425;27058;38967;20682;35019;32606;44571;45551;25468;46307;24712;41305
803;42300;48755;41928;38928;47037;7682;3599;28419;6590;1654;21150;32755;44033;49603;26795;3229;14341;24176;3539;25895;31526;8084;17661;46478;10630;8044;31272;7947;17356;38848;10756;409;36433;36023;32025;30247;44588;41561;3148;31518;23163;14215;23377;38492;42611;36575;47867;43147;30648;24482;41349;25404;31436;35575;43488;25653;49398;37793;42239;21516;13237;4516;34410;15303;3491;36054;1536;1182;40102;7300;35179;17781;29418;10545;27351;23419;44863;32491;40902;35306;8782;11885;13056;37341;28012;13190;22704;31763;23074;6018;119;6481;48290;49530;4578;10648
804;22723;47451;40808;45645;13746;17787;16317;27298;37975;15630;33003;38356;13036;42197;32649;46480;13333;6618;8573;28425;19600;16497;33111;36684;29337;4831;18069;9529;40593;42796;7703;49008;234;6107;39511;33338;21566;48280;28520;47428;41546;24940;20813;23459;7512;391;38167;19925;37585;2671;47138;12471;25935;17449;23730;36701;21279;40402;21350;24305;6194;28322;2636;33673;3060;7314;7685;30558;44981;22989;2525;41336;33778;12922;47321;16321;21339;24963;18499;14136;42633;20071;28396;20968;433;6107;49332;30896;8717;30573;30913;43694;15935;35695;24778;14741
805;36723;40981;21626;49678;42622;328;28584;47968;36471;32668;17900;12787;17910;43028;1778;43074;6851;26691;26830;16906;38241;7274;415;553;37913;24485;18155;20136;19869;13259;17351;18670;31214;22893;6361;42481;18271;1907;12416;14618;19513;10071;34571;5673;31214;22569;32659;11726;26977;15064;45953;14642;49016;44695;32216;49850;29156;1338;43210;2534;38887;40026;49993;11620;31091;49154;24808;46426;10753;36949;2232;23261;47275;6874;5695;28813;38448;38210;7374;39500;17162;15349;26076;21017;27696;30365;26677;18884;3086;21051;48656;21256;2753;17256;42476;8120
806;10287;24408;38145;7050;14035;42521;37790;9046;44000;26609;41338;27566;46213;34888;33484;6497;28145;28780;18587;46987;24225;41591;41915;41084;23940;10853;1301;20354;20320;25409;38590;24180;35477;46977;32834;4692;10211;35740;8947;49737;11845;46585;1935;49585;27310;32573;48300;29108;24969;17695;29602;43485;15859;35848;10735;25938;25059;40639;34899;608;35357;31507;47118;46652;42007;29981;24866;26579;29760;40252;40990;19372;13627;14091;31236;31810;20504;45079;46375;27396;48440;28465;23999;22747;2640;19352;7925;22269;30681;21989;39607;35714;15516;37397;30605;21400
807;2801;28938;47598;35192;3324;13389;27043;16718;34583;46963;28448;45524;29207;510;14590;38439;20800;47661;45954;11065;2158;12184;22371;24415;44796;31874;26776;26967;44181;23262;2203;40598;6896;40666;14298;20985;29537;22847;11305;47717;12891;16577;13762;17329;3474;38089;48484;37028;35863;19292;5058;88;49476;575;10138;29470;21123;44092;40634;45909;17218;41645;11961;31201;22965;13554;35359;32176;48075;13042;27608;9732;12813;15783;47745;33680;13871;17867;32412;28027;39635;10520;32720;26152;39501;41067;8570;46159;905;352;5130;29868;11106;43981;13702;2770
808;19172;3781;43026;40886;470;10115;6958;4258;42877;34719;11183;48141;14836;36580;43030;17071;33002;15149;14470;22130;20967;45952;29889;17895;45818;40321;1178;5692;16316;862;26569;3488;35455;21188;35236;30815;50;46357;11451;27270;11390;10300;35883;41858;39241;1958;25443;36537;34162;26840;25959;5494;26285;6402;43745;10595;22359;22931;19076;1264;34765;22897;43841;5806;34028;4675;28017;14952;44924;5759;48717;34750;39938;12855;27605;29951;17780;40894;29908;34918;23835;14013;23811;14901;8408;17829;47803;43304;6572;38572;21580;7906;3599;38908;7171;12686
809;24543;3919;909;10700;26630;27788;28223;40426;37880;30181;2473;860;38676;12973;31518;31801;15806;47283;40719;49410;350;42523;40857;48623;39580;11920;49194;25570;42725;14058;1428;14902;3417;5526;14585;38108;29863;39059;28864;36713;1500;43880;48752;25810;43976;2229;49158;13264;7060;35571;48806;28428;11945;41768;47163;6322;30789;27540;38815;38491;47201;42927;28258;44344;27328;31612;20442;955;11304;16817;31634;40510;23671;14579;16130;36786;46790;21834;11344;48620;21656;3025;3945;25391;3113;13147;38070;19542;26968;38618;2756;29345;33058;42942;43348;3065
810;21922;48380;38434;41749;12898;32882;43920;9790;31419;12390;7706;40242;32789;1221;47789;48311;41752;31468;39718;14822;12649;20862;12143;22175;29647;21785;40834;46562;31248;40851;15354;13893;12468;34225;24618;11891;11187;47901;23250;11049;46266;3151;41667;42561;7716;39392;31715;20936;46879;32626;32777;4433;8456;29771;30182;12041;2506;26162;46126;11357;21908;2583;42029;35960;15519;7541;21441;36967;34809;23763;3905;29339;15028;29088;11160;25638;4457;4316;17809;41419;11372;23233;44801;48151;1596;40567;46306;11624;35290;24472;44999;47358;30770;21165;2958;3015
811;922;8727;11722;29708;44501;39151;17978;6879;18911;26379;26252;11960;6279;3745;3984;14696;26388;3487;26349;4862;1861;23236;4672;17636;21069;33530;11136;12267;14709;26794;26956;36925;15363;17169;24313;28297;23769;189;14555;26438;36596;44150;47282;27354;28945;31141;632;33656;38334;24722;42247;4122;22047;16805;27225;36128;37638;38022;20512;34520;15915;47946;9308;41188;38589;27515;3415;23609;2284;5728;33730;49734;35568;4833;10701;18815;38561;1572;20931;25525;6173;27780;25300;3177;37471;1125;13329;895;24938;22259;10356;42215;29367;24773;28072;15421
812;20943;12938;31968;120;34055;35627;13683;42064;5017;8317;19875;5285;31738;45968;8535;3171;33293;12332;48193;8360;49234;14181;40336;24555;35641;39716;30721;24095;12802;24689;31615;42013;37059;17785;27948;31908;42868;16250;47220;1271;16676;21825;13974;2909;26162;49324;40302;46461;42069;5388;9706;12743;35081;36555;42925;4932;17827;48543;46848;5511;6712;5297;7450;24567;18563;4172;22667;5910;27589;4803;14872;47236;28367;23596;11290;38762;13442;33449;11425;16175;3185;5067;8730;45994;6983;11740;36931;25707;24700;35893;22140;16912;23428;17916;29287;45232
901;1120;7073;2567;46271;15530;3124;38797;15585;2260;1463;29498;27227;5284;5833;40560;26678;18865;22608;10465;9107;40080;37163;4992;20160;12248;34629;15396;26480;42134;4290;4901;10658;28022;20722;19707;18977;10894;15076;12767;10235;18312;28782;23676;41324;27962;983;45966;10201;944;29861;33216;4567;43314;33808;18786;15854;7964;8473;41817;37685;32177;31904;19788;9106;35786;5978;9413;6193;4185;16620;25512;37757;19294;31187;35079;32433;37328;14710;14179;36630;22138;29170;22641;12230;42609;49489;4608;37578;20698;30978;18950;44134;47307;43020;36800;18996
902;3097;17854;3672;2973;43857;5698;13428;6200;12524;36423;25541;30821;48770;32054;14931;25656;29560;35561;39257;21658;35991;47424;4489;21197;2395;44658;11113;48267;22141;48561;24608;5037;29443;43680;36392;43362;5419;41867;26754;15174;37598;43383;47197;30539;13043;20593;12073;24448;27411;44705;6547;32574;10879;9971;12694;26319;31379;321;31497;19154;41619;20366;12292;32775;34949;23062;26553;17810;26944;47910;8085;42390;39525;8562;14957;43731;30624;21832;40866;18663;21282;49880;39138;20121;28504;7304;20112;17815;20092;4932;45576;45830;49679;40283;41428;27342
903;9385;695;49466;26448;28395;49233;39057;8574;41515;847;29099;28906;22584;4820;4578;1206;1006;10430;33983;37151;14985;22765;30056;15859;24134;14544;41553;46683;16535;9562;16764;3028;11641;30258;29542;28960;10384;40832;5590;8119;38775;2202;18871;3112;13596;3841;41518;47746;12265;5029;4436;9897;20493;25783;41154;12601;11467;20653;49960;20579;48990;36316;12636;39601;16302;36777;25022;40829;8968;48438;13571;28602;3058;11938;30840;17226;9505;18874;26472;40796;4803;41916;7493;29374;18589;32260;11845;15111;5263;37365;62;30058;39466;40626;24256;13740
904;11791;30097;11061;5510;32121;17957;36722;33571;27559;21587;46644;24649;38796;7884;40232;17006;31526;13307;45049;23331;37877;20623;10927;9310;36119;42252;40195;14186;33820;8834;49233;31910;36164;33445;20832;18662;37443;697;8683;16141;7869;19592;9213;3599;29043;41641;25855;36455;44712;48724;35679;909;7718;37174;31795;43710;30296;6926;29213;5917;6752;29756;22719;9982;32656;30682;47486;27538;31892;44662;32164;15811;24347;22326;43653;18756;42624;23142;2092;25835;39407;24102;28646;12343;8139;2162;10577;20880;180;22380;19004;16053;41490;41372;31520;23599
905;45777;33501;42072;23173;39151;11932;7078;31470;7299;10855;23139;1584;16313;13214;8347;34815;48044;48645;470;12517;48201;14342;37912;32944;11657;27240;30847;5178;41619;20733;41451;17429;12882;11252;4947;31381;4428;25414;11382;40049;42013;4907;33724;40872;39442;1398;20469;6189;43834;12743;14919;10851;48188;38187;28512;22368;24882;38696;48960;19538;9808;38571;39353;30102;11014;17551;27629;32075;40097;32857;12217;168;26960;32209;22102;39712;21718;42359;27917;9356;38782;24047;8114;22778;45556;32871;18166;27051;44132;17311;18706;25924;21873;30960;15105;32938
906;41734;35221;10909;12142;33964;36937;23565;11938;5769;46118;32976;22239;22384;9441;31071;1286;36314;9578;6128;43174;5538;9741;33982;34623;1483;33429;26535;48723;24269;43000;45879;46102;29480;41137;14377;12130;18913;23690;22130;5618;21473;38791;6994;19891;43479;19955;39066;9383;27089;43422;25428;15062;26113;21093;31057;12550;2192;45790;7855;17580;27549;151;23419;11697;27580;18255;45006;41159;41331;31782;42925;11727;46348;14164;34868;6409;46156;43084;10927;5538;8011;36862;29101;34741;40389;39687;25335;34197;22990;33806;2982;41145;4252;14237;30583;24474
907;17842;23492;37571;29416;24341;27248;11436;34437;42450;23955;39034;8149;3303;22537;14946;23212;29637;25440;10425;23132;285;3112;43546;49968;34265;15891;32201;24097;12892;23964;15914;38863;36535;30421;12074;13563;47850;32501;17569;18310;594;31558;4330;31271;13107;11265;25232;5157;16920;29264;27359;47354;19143;31608;40004;18389;33271;34718;44562;46537;8906;21847;15591;28933;11414;14828;15341;5647;35863;17878;15817;28128;47621;38458;44720;26872;9690;1226;20856;36912;49841;1663;36533;42149;21828;17019;1991;17683;8071;48988;17704;9934;40508;33894;24959;41034
908;16976;49727;32019;45441;32389;8896;41439;6705;34851;8191;36595;14541;33934;36476;847;49388;24724;11030;1468;14715;44293;34457;35888;20605;17376;32066;8722;9390;42209;40101;43727;34299;37034;516;26769;13343;22228;29302;21212;41593;45306;26187;14794;11857;39158;14767;30755;33105;27344;38548;14511;40921;34402;15445;44787;30959;34728;15737;4451;6467;11441;20063;48377;18147;16715;44561;4022;27291;3400;38887;49375;29184;13686;2805;5391;12664;23590;30840;16831;14878;21537;3754;37750;21882;17009;28257;29491;35605;13259;45810;39423;48680;25607;17352;13731;21570
909;2162;34477;44422;33878;46535;37239;41344;10403;29511;10753;19141;11541;16336;2033;3068;12030;27288;29247;4100;47945;45005;28810;33263;48260;473;9565;23720;8821;43832;18762;33754;6319;35573;46578;38850;40167;31072;14848;47180;41067;16877;233;25700;44316;8950;22123;30321;49740;1973;20030;49874;18064;39072;14732;34479;6680;46054;629;17476;18845;8666;40708;46116;3044;43860;44266;49269;49055;37285;18999;40210;7999;13381;2168;3006;20492;16634;43863;30085;44537;30918;48390;33560;2863;39654;15005;39797;14998;7138;34109;38685;46313;34290;26274;28934;20739
910;3683;26057;47281;22097;40903;8581;24362;2106;44614;17225;1144;17715;4227;39872;5305;42650;19953;25399;17434;33344;14851;30658;16866;22707;36608;18746;29204;34290;25185;20507;10947;1428;24020;42303;5089;11864;3935;40227;46015;48632;42015;32105;16120;9220;45711;43926;3169;46962;39009;16783;170;26232;41078;13578;13132;14477;20573;760;42742;5939;22418;13923;36067;29707;18238;2641;29403;10972;3253;44161;31944;18223;11877;7589;12329;11028;13323;28924;47996;29815;5907;21629;19472;39614;38040;9809;18151;33764;43016;30356;48444;21856;40015;39792;36732;13463
911;11888;338;9205;12429;13148;49288;6568;36914;14872;8360;38224;20421;26508;30393;45439;41214;16215;14945;2296;12971;36178;16402;20776;15780;2272;32674;6468;3668;17775;5087;32454;9006;13146;4174;20667;48516;1262;18810;49430;32735;38569;17777;32147;6052;47654;1499;20020;44;25748;40858;42810;43976;4314;32297;18732;23443;39578;7985;23029;28913;41858;3496;16448;10631;9134;776;30182;34868;44345;41940;6880;33048;38971;19816;1736;24503;42456;49742;14273;25039;25450;42884;46616;29077;23236;10906;18248;22285;22291;25393;21199;44328;1579;41006;22453;1906
912;40226;25058;30032;19848;24132;14639;28835;13222;9912;4125;723;25079;25767;10569;26865;10036;14775;42566;43170;36182;13846;20425;41731;37292;48958;31723;8509;27387;41317;37997;46595;44599;35769;4275;44944;19946;10740;10025;33606;12393;1357;3177;1982;19301;7755;34548;29566;15205;20914;37871;18779;25004;18922;46522;17669;136;36656;23905;26739;38553;39901;22285;22317;8658;40617;6199;33680;30077;22325;15497;48187;14954;15489;13689;29823;44805;27745;3624;10570;12791;26624;13410;47509;6791;16138;9829;31540;20957;36836;28834;44398;17019;14824;536;46184;44947
913;2447;24059;45730;27972;3934;17269;21247;40748;34240;26560;1387;38601;14471;45178;36828;13928;22556;36704;20533;30563;37135;45160;6433;25826;12508;36701;33054;16689;39789;29133;38256;46201;33986;5222;44123;45354;23231;33660;36506;584;25272;36262;9196;26098;4508;27333;37345;18642;23845;15018;22627;7742;2523;45397;19165;40890;33854;31159;589;41590;2968;6736;30120;45936;29029;38145;24833;18387;660;6085;47713;11329;28940;28958;43837;14944;6444;43813;34254;14202;6931;3403;18458;48017;18979;46745;46714;31908;28062;47170;31886;20302;26864;16231;35322;10197
914;48482;16235;13442;21408;12192;9003;14364;27340;20170;21301;4350;47607;48228;48643;28378;19641;32556;31986;61;20178;19873;5823;37745;36363;28167;47758;17101;46987;11924;20507;39601;42861;6290;36137;49934;37643;193;7211;1685;28829;43977;21878;24322;35266;39152;18518;31031;7566;20109;36121;42813;10396;26559;22462;701;11785;41460;32666;49310;47284;30440;47434;12635;31314;34250;42547;32293;24659;17362;46269;21401;30728;44672;41234;19170;10956;46175;24010;16736;18341;5915;34831;2117;1556;26655;18754;46847;42215;23343;39855;38920;26473;44770;34982;42801;24558
915;19716;10220;45305;4847;11882;44681;45625;9605;7691;35630;3319;24532;8378;43423;49632;35055;4637;36391;3285;7264;23936;27506;7448;6748;16103;42812;25611;28015;44584;34109;34189;30692;28943;36320;11552;40878;6279;43195;16987;27426;11615;38924;39615;27798;31893;4558;3740;15247;41814;7703;18286;20801;29820;3007;37273;10868;19898;27781;9904;29908;21483;4247;43671;12114;9931;5608;39335;46113;30295;26285;21077;48929;18892;39454;27859;29134;45492;23387;47088;17225;12917;40507;23643;5668;20130;48449;34208;47590;38050;44337;25284;26759;38075;5567;42399;3132
916;43782;6168;27955;9149;20111;6823;45394;22366;29317;47329;3572;42796;48951;34783;21270;26280;39862;39781;47547;34002;37249;35232;19899;47504;44772;5500;35047;48694;43639;18940;14399;41397;10023;17746;49560;34458;7251;46562;7553;42850;4655;17075;29754;8505;25051;23171;32834;47968;3770;47076;30022;48596;10762;21251;35534;43202;29805;6310;45148;43885;21288;14522;6022;8903;29861;15043;42596;11902;41765;46514;49948;42648;5702;16421;12508;29070;5520;37899;9938;7892;34839;36320;19723;17183;10458;23129;16065;45092;43104;39471;3323;4785;14154;18447;21773;7939
917;44233;42378;21995;44829;9166;9794;40329;13278;29267;38461;40399;36894;47339;22846;29400;36927;13376;29341;24549;22049;3112;31042;10579;38374;13959;45942;31157;23600;15337;20245;48957;29419;21738;8167;6503;39467;37257;14115;5193;17518;5128;32014;49033;35664;1540;1681;25836;38956;29352;15967;31753;24371;37754;40251;11443;42809;12955;39819;4628;18045;43401;32496;43737;43523;32049;18032;33056;30499;41848;23529;45269;2858;9262;45938;48540;20749;42163;39347;12068;34639;27916;36873;18380;12036;48295;9069;44671;8631;8408;22812;35749;32983;3716;45215;34367;38592
918;41002;10152;15530;44443;24567;21475;35605;8449;48497;4586;18699;15775;32896;23251;9731;33803;17326;18691;14855;5831;38541;27297;29222;23923;41667;33343;25912;44308;24928;24;11280;16921;25503;27880;14650;18511;4796;30995;41319;10995;26692;27132;8540;27950;32705;13178;5075;8807;4456;5647;21032;2164;44494;1011;33481;11091;16787;30995;1570;451;8986;7541;28534;38640;48043;34713;12128;33218;29205;48404;11951;23259;22790;22147;17061;33643;8642;38607;1543;33564;39907;756;16736;16897;47694;22455;9979;18329;5177;35970;42330;45325;7905;37933;19889;13476
1001;15072;31478;15344;4649;34958;5650;48599;33620;11096;44840;49251;26558;48365;8653;19334;41761;12431;27968;46570;37421;42470;36714;43947;11674;36623;44542;40621;9275;11267;13739;786;40954;34559;34398;15727;40945;9589;33524;18345;36842;2759;31030;28568;42704;8836;22945;31597;42440;6921;20276;33723;12672;22612;33984;40026;4070;38050;39794;44110;43781;12853;19341;30361;25030;33984;46090;32711;1241;36368;38856;28922;24165;30860;33220;39096;21264;17234;38645;32879;30122;41101;32542;45636;7944;42478;14844;45305;283;2916;13315;6870;16845;44041;6728;3354;23146
1101;40119;33175;31010;40945;9138;28264;18254;12060;25793;44509;11044;34710;46967;47975;20191;7547;49707;39155;46910;23850;8607;19832;18231;34337;49259;48710;44995;46520;49998;10033;17807;2705;7345;7468;11175;26450;17169;36302;16248;22660;18157;20660;25219;23367;319;1599;6106;5128;46865;34056;32554;7041;11647;23778;40895;11396;26325;45093;18308;9124;9340;12540;43475;32368;1356;18459;45206;46941;46038;29660;41002;23464;47919;5758;39848;26454;10323;26352;20118;12851;12653;16846;10421;42562;22738;40697;1920;13689;48060;35016;34550;39014;42967;48324;14889;48818
1201;4889;40063;45364;43368;1812;24955;5139;7395;20552;16833;1263;30283;42683;38751;47188;9211;10988;44880;24773;31946;3453;25355;3584;16749;7829;35943;15870;6530;32548;47664;28873;27878;20578;10851;23678;43994;6364;8324;13388;43712;11219;38632;31133;29929;14701;5384;36528;16299;19297;12173;22728;28316;31119;12682;30235;7755;42262;18540;3371;7263;5549;17617;17126;33358;31122;38643;9429;28306;5299;1856;42383;18347;1128;14636;13100;12263;35302;28592;3957;20105;33565;42789;22371;4850;43350;28593;31852;34989;23360;450;2541;441;38639;1439;38552;47490
1202;7412;25955;1418;48404;25921;17827;15376;30203;937;45765;18433;19075;13490;12671;36527;16813;45289;42086;49242;22871;36814;27880;497;7888;44766;38272;36379;37929;39294;46845;49540;20482;27348;44391;45996;1306;1226;19326;9649;11769;42138;12016;23178;2663;43773;24574;26433;1058;42647;22421;43499;29316;19759;36068;48630;47819;44058;410;44245;29602;35533;15139;36844;31872;37712;49244;31592;3844;33889;24645;25773;45872;34210;27730;19470;44273;12688;19146;45304;40442;28725;23733;21211;25007;4493;5080;2963;45142;36416;15745;3291;33465;18520;17521;39757;38752
1203;23046;47926;9290;7840;18707;22064;8882;13242;31820;42006;10502;29516;31791;28672;25941;21515;42376;32836;28196;29969;3013;7009;39649;3077;45787;34496;49184;7308;36734;29676;14963;40916;27246;48755;32306;36401;40812;23820;2540;48872;924;31951;30961;11509;42922;12297;4675;36926;24743;44381;4658;11214;26636;40303;31164;47008;3309;31384;40497;48534;26056;4287;30316;28479;33414;39386;27881;20302;39321;21503;4293;5593;29402;24679;19088;15572;39328;17342;7338;38050;42186;37489;4613;40327;46687;49370;24963;20732;7214;45773;10429;23499;6057;11972;44508;11091
1204;13066;27089;17092;47516;8158;45314;18345;12523;15234;23809;16809;25332;24670;49503;34402;4838;19351;10932;8732;6953;16553;46689;11959;32829;23079;28389;29059;35644;40234;18724;28646;31096;40125;42732;29074;8064;40885;4270;37382;23034;2707;12620;27841;8283;15952;32015;17723;3787;17003;15170;9522;16338;5896;2798;3819;6041;4264;15093;40537;40594;16301;1930;30371;29818;35949;2552;33286;45586;46736;20226;45990;22981;21129;43117;41705;15987;32152;5743;16408;1590;34057;40527;1857;33867;41580;2390;35882;1166;43379;10835;33606;18810;42036;43730;13312;23657
1205;6227;24037;14159;45317;357;47497;35048;4781;33700;41576;44973;37160;29083;39183;12783;22625;23404;7661;3302;31683;19232;18793;22406;16068;5467;2979;23045;22433;15219;33210;32243;7036;24623;10565;17532;10435;38078;27314;7602;13536;31861;7350;36607;13720;2460;42473;5360;43981;47363;19998;14747;7616;19096;45390;11340;29555;15886;46015;28225;26543;5951;32802;21354;8611;4279;6404;34644;40549;26408;48115;30938;28494;14384;14532;4009;28496;10986;41497;32721;13043;22664;32166;34204;11550;11548;27327;39376;5418;18858;39819;9651;11420;32792;14866;4308;36263
1301;4840;34277;19542;22660;7043;16631;20294;8627;6639;7940;1427;48129;9588;6994;26498;30801;36733;2354;13538;28450;36946;33552;6038;20368;48038;22949;3822;21252;41460;33119;26742;10562;26440;7259;12482;48372;18459;6396;19873;20225;15740;49906;45624;36127;449;33690;20314;7368;4071;27057;48993;17523;21426;27255;48815;20041;1339;1996;42139;33301;23976;23297;31116;5086;43331;13124;11440;38165;17065;30665;23463;36854;8486;22681;17754;21692;45597;15665;6868;23804;5205;8640;36810;405;18449;40076;37317;2406;14226;9654;21578;12382;3486;48583;14242;45412
1302;311;29422;7712;32589;45228;4220;42715;46312;10828;48690;37873;17050;3637;28098;15756;34203;2556;39350;10141;41595;24177;10158;30584;10110;29145;1772;17824;45960;47608;47402;10493;10989;33674;19661;46579;25393;23570;43189;4534;27051;44330;36123;34035;31342;40454;49460;10172;4058;47740;12191;22688;35139;20301;2857;11026;12735;28847;47637;5471;1412;16815;43533;9345;28392;31028;2581;400;1651;15725;18856;22592;13782;36938;23019;766;25358;36569;40427;22535;41205;41916;20887;37381;9212;41951;13216;5823;41789;38478;14237;46895;7015;10519;15156;25005;11088
1303;17112;14823;33886;19300;8376;3335;18363;35468;35799;31364;29828;10;47280;5411;1227;47197;5411;24133;13523;47893;30455;17618;39384;10020;24500;41110;15376;19458;9772;24246;935;14265;36954;6713;2749;4990;13215;2635;43100;31022;38453;47573;2175;29798;15923;7779;24200;1669;45569;22483;49905;23618;33698;16876;23509;39993;21515;46336;27789;23061;16431;18549;45189;43812;28155;33032;11969;32439;13678;34021;44554;45162;33462;17416;25527;20255;37445;17879;18733;2644;29159;19635;26137;17368;45517;43668;15623;29102;48014;2330;33487;41796;4956;46962;12059;36107
1304;385;42267;15917;17478;29865;2199;44789;27155;9191;15069;3733;34936;36925;40991;12077;42884;16553;28073;40183;36970;32083;31549;18948;22083;39995;8549;13476;40678;25509;40937;47077;25211;38863;12329;6982;10961;26628;48942;21491;1134;19373;779;22638;11408;29063;32899;41587;41336;33985;17780;37886;2419;18169;35650;15708;21238;20809;31784;21282;31097;38530;45265;38173;1075;11635;12286;14303;1639;49558;38785;10723;17723;29000;18435;4673;19118;4857;33620;42585;25760;35698;11507;12875;11892;19186;31045;32395;14566;47797;12839;35022;34718;32111;26479;23026;13132
1401;49197;36132;10754;20614;32442;202;49660;1043;38788;28645;16840;30679;31849;30946;44478;1635;18116;25880;9476;47201;36357;22978;41691;3409;4370;46743;49579;6223;21734;4691;46246;42564;44946;20449;1430;28277;15146;26761;41200;30923;3537;36105;9442;5193;3190;5684;11682;14843;18377;4907;12739;3584;31240;24980;35231;37259;193;25326;20618;14528;46135;31769;39358;43595;15212;14;4743;47299;26397;8706;10517;5484;21726;32025;28740;70;44332;11124;9445;4567;6372;46247;21182;28529;7706;49770;38393;8033;17265;33426;46830;19727;5797;49096;48356;38249
1402;3264;28883;13159;11191;27736;33688;35386;45938;12104;49010;19881;4650;47384;6404;48346;49096;46443;39847;9593;48908;276;49613;37296;40278;12371;37168;15600;7369;49707;6426;19946;31471;27742;7834;43851;8958;49364;43546;48718;49715;30622;32870;1398;18821;19531;5073;34901;42962;38396;25482;48981;14956;8144;28106;29580;5904;27962;11793;17623;32750;29091;43708;31474;37020;40836;4169;25743;13921;6781;36348;7959;6904;7931;33013;26263;13178;14914;355;13126;5426;33871;20021;32464;33042;27977;15951;37028;9867;21283;40698;38487;36341;294;49656;49410;6692
1403;37062;11986;14223;35433;48612;12998;4934;49794;22371;26775;42429;41417;13186;24728;11320;27024;3190;6823;37327;15521;5577;16162;6362;25344;15317;6156;7602;2928;20277;45052;32243;49118;11042;31724;11621;30161;33094;19932;22577;39149;10408;17640;40830;6845;49170;15697;15899;31226;36259;37162;30426;30887;28403;39544;38361;20927;1185;10795;7401;5639;43402;43479;833;8352;40282;20236;17641;31925;39217;46944;10901;2392;40114;48230;12818;47001;9878;22255;24253;42960;31348;619;4380;936;10418;25689;29229;49734;21602;23209;42811;48907;6761;5874;16248;22382
1404;38752;44353;37204;37172;1347;2116;26507;29278;30553;25617;44939;36837;28680;32675;44595;32836;38415;7175;2179;31826;14562;1618;21568;18547;37772;19799;1403;39909;46128;35734;42756;1925;2624;37360;46221;14142;23687;22714;26302;31461;10680;5248;47739;27922;29229;11452;81;12685;10443;27138;37753;43024;42442;3543;48654;5887;42673;6473;11257;47099;25120;5370;41361;43441;12064;14528;24750;36300;1894;21675;49058;11755;33044;23694;36431;44660;24508;10066;4916;3642;30223;28378;27948;47023;46805;4100;45584;33564;27690;1385;2859;37184;22354;33983;15766;12933
1501;14249;25918;5360;23544;28440;32242;39588;23075;25476;4713;26164;17265;39361;8143;28835;41056;3010;40400;22564;18331;42776;49179;42522;31215;40259;23943;31809;29401;35548;33253;8773;25884;3357;4822;5360;27603;39897;39262;33898;21197;41193;27214;22966;24298;11276;4298;48972;8072;14247;25992;41583;22039;41176;22439;4342;44271;30729;36552;29738;15086;16856;36779;22473;16883;8510;7155;40388;47029;29756;43033;21334;23524;48129;24682;36637;48923;19111;48147;41159;1786;8915;14989;12884;16854;23271;24297;11977;2017;44058;8887;45005;23438;29338;42327;26749;41620
1502;23914;47497;23146;25861;782;38022;38968;12389;607;44492;21970;30770;21307;8026;33831;19622;1857;5299;22271;48434;7164;49172;20969;5307;29835;10494;43568;2402;49669;19355;9003;1882;15868;1202;42439;7928;18210;39307;48570;8337;30702;28645;28260;37861;31056;20503;20217;6604;12600;21126;46798;21868;4416;28538;40672;31504;22344;30044;32499;40707;46248;36447;10190;45088;3666;1975;44596;27201;8386;4452;42862;22166;32206;11192;44856;38571;5926;34146;18074;18344;46520;18528;36028;26745;18092;6841;14404;24203;5074;36902;25320;37958;6391;12945;43048;38893
1503;42300;49509;12067;14981;21338;17890;9936;49719;13008;35583;16255;16341;39172;7586;12314;29940;26171;37186;22659;14924;39333;32233;31667;18225;8357;14542;44313;9949;27693;27793;13494;7747;46229;43255;37429;19396;42701;23459;28392;5486;9750;45136;15664;7463;31174;46901;18925;40969;48906;19645;31171;40383;27652;36426;17606;18187;15709;43611;49591;2517;24883;36475;9835;29601;48989;1795;48667;26453;48835;13242;14287;34143;11056;42750;10835;18916;36815;32374;32611;36825;12145;28081;41513;19963;1822;14132;10131;43497;21137;43719;40800;37325;44789;24864;46345;14812
1504;43486;4776;15949;12822;8071;12920;27424;24601;19781;11530;21249;36112;33960;40227;42825;4827;13053;4810;7286;19971;29165;40160;48054;3755;2396;22596;34711;38315;46317;33599;8753;23824;36796;49116;16078;28922;17929;43241;29055;34344;10428;42767;35080;19677;13901;15379;3831;44062;34220;7239;33678;25638;35841;17454;23628;5235;15932;16266;41594;22749;24442;29885;2000;10717;12945;13533;6286;39653;36119;23448;2521;19858;4603;36755;430;16367;43601;4601;25813;15409;1738;30531;13929;34063;44445;34856;3566;29123;31394;2783;19998;37496;37436;7400;33988;49624
1601;48057;2558;44535;11509;43012;1176;10489;31661;6190;25341;20561;1409;20931;34184;39261;12293;6874;41799;24092;21732;43346;11778;25854;23051;19397;42527;31794;26540;4088;31000;39924;33838;4042;32299;18819;3268;26162;507;45864;29193;612;6423;4354;2076;42761;45091;28275;39815;21383;30153;37076;23233;4676;19110;37891;40613;6754;13164;27445;49003;18028;12152;25116;29995;31131;26634;26234;37912;29538;33495;43263;43733;23761;48126;33974;48022;21222;34709;15435;17051;9227;11648;39531;49496;46862;25385;23822;42898;31323;24773;34904;13182;1032;45727;26339;29963
1602;43628;19065;35175;31691;40289;14289;7229;44254;8823;17077;3546;18664;40984;4706;22786;17258;45484;45960;27741;42842;5452;18258;37197;18720;20935;30272;6287;6664;37328;9371;34459;35880;7973;4944;7148;4650;18737;15366;21198;39728;19680;49558;46273;8178;47185;33288;18375;14614;38941;45065;45820;46881;37818;29177;31296;21960;28187;20532;10539;19586;18470;16369;1192;2935;24360;41254;899;42960;40235;24116;5803;8117;18196;13864;25511;22200;26709;7676;41768;18471;16016;42061;36628;26525;8068;31398;4591;21271;31736;12599;21937;43964;42231;26374;32703;18818
1603;26568;22129;27158;28202;23385;9454;1310;35024;35130;38712;6617;9375;2171;39488;12937;21816;39058;24053;40289;4603;39975;49582;34101;2903;26904;6453;49261;46626;31262;28757;38515;8040;9069;24293;31216;31966;14276;34779;21075;11689;40929;4575;642;38186;34597;23803;33350;39325;769;20353;12981;3011;9359;49074;935;33575;40385;5428;416;5514;49961;43702;24070;48671;7429;43239;45200;10046;4632;8248;37340;48605;24358;46420;13804;49018;41261;43607;35247;39047;11728;48970;37953;47760;2732;17200;34125;16629;33956;22323;43459;81;46812;12026;34897;24345
1604;16998;1123;23619;37525;9830;46810;12433;14068;5536;35745;28788;38045;18658;23445;23542;8627;19421;25616;20293;20776;11479;814;40921;33684;43268;29938;28256;28109;9843;20457;46917;14828;27122;33733;49631;45141;34232;33756;25487;15619;47283;7603;692;38830;13378;7964;29472;13633;37839;37345;41297;17936;13543;21641;9172;41414;709;29861;11870;14400;2839;40296;37881;17363;17766;5462;45928;26928;30059;38196;7257;40447;17765;46251;34502;29263;31824;841;13492;43999;42450;49344;46806;33309;7158;33723;27528;34683;317;21457;19438;37356;36505;48034;34597;47992